"Threshold","MaxCluster","Singletons"
1e-04,-Inf,547
2e-04,1,544
3e-04,1,544
4e-04,4,538
5e-04,11,521
6e-04,21,499
7e-04,28,477
8e-04,33,464
9e-04,40,445
0.001,48,429
0.0011,63,393
0.0012,83,348
0.0013,87,313
0.0014,84,298
0.0015,85,267
0.0016,88,244
0.0017,98,208
0.0018,94,185
0.0019,92,156
0.002,96,122
0.0021,88,103
0.0022,81,88
0.0023,77,74
0.0024,67,64
0.0025,65,46
0.0026,58,38
0.0027,54,33
0.0028,47,30
0.0029,44,26
0.003,42,23
0.0031,39,21
0.0032,38,21
0.0033,34,21
0.0034,34,17
0.0035,34,17
0.0036,34,12
0.0037,31,10
0.0038,31,9
0.0039,29,9
0.004,27,9
0.0041,27,9
0.0042,27,9
0.0043,27,9
0.0044,27,9
0.0045,27,9
0.0046,27,9
0.0047,27,9
0.0048,27,9
0.0049,27,9
0.005,27,9
0.0051,27,9
0.0052,27,9
0.0053,27,9
0.0054,27,9
0.0055,27,9
0.0056,27,9
0.0057,27,9
0.0058,27,9
0.0059,27,9
0.006,27,9
0.0061,27,9
0.0062,27,9
0.0063,27,9
0.0064,27,9
0.0065,27,9
0.0066,27,9
0.0067,27,9
0.0068,27,9
0.0069,27,9
0.007,27,9
0.0071,27,9
0.0072,27,9
0.0073,27,9
0.0074,27,9
0.0075,27,9
0.0076,27,9
0.0077,27,9
0.0078,27,9
0.0079,27,9
0.008,27,9
0.0081,27,9
0.0082,27,9
0.0083,27,9
0.0084,27,9
0.0085,27,9
0.0086,27,9
0.0087,27,9
0.0088,27,9
0.0089,27,9
0.009,27,9
0.0091,27,9
0.0092,27,9
0.0093,27,9
0.0094,27,9
0.0095,27,9
0.0096,27,9
0.0097,27,9
0.0098,27,9
0.0099,27,9
0.01,27,9
0.0101,27,9
0.0102,27,9
0.0103,27,9
0.0104,27,9
0.0105,27,9
0.0106,27,9
0.0107,27,9
0.0108,27,9
0.0109,27,9
0.011,27,9
0.0111,27,9
0.0112,27,9
0.0113,27,9
0.0114,27,9
0.0115,27,9
0.0116,27,9
0.0117,27,9
0.0118,27,9
0.0119,27,9
0.012,27,9
0.0121,27,9
0.0122,27,9
0.0123,27,9
0.0124,27,9
0.0125,27,9
0.0126,27,9
0.0127,27,9
0.0128,27,9
0.0129,27,9
0.013,27,9
0.0131,27,9
0.0132,27,9
0.0133,27,9
0.0134,27,9
0.0135,27,9
0.0136,27,9
0.0137,27,9
0.0138,27,9
0.0139,27,9
0.014,27,9
0.0141,27,9
0.0142,27,9
0.0143,27,9
0.0144,27,9
0.0145,27,9
0.0146,27,9
0.0147,27,9
0.0148,27,9
0.0149,27,9
0.015,27,9
0.0151,27,9
0.0152,27,9
0.0153,27,9
0.0154,27,9
0.0155,27,9
0.0156,27,9
0.0157,27,9
0.0158,27,9
0.0159,27,9
0.016,27,9
0.0161,27,9
0.0162,27,9
0.0163,27,9
0.0164,27,9
0.0165,27,9
0.0166,27,9
0.0167,27,9
0.0168,27,9
0.0169,27,9
0.017,27,9
0.0171,27,9
0.0172,27,9
0.0173,27,9
0.0174,27,9
0.0175,27,9
0.0176,27,9
0.0177,27,9
0.0178,27,9
0.0179,27,9
0.018,27,9
0.0181,27,9
0.0182,27,9
0.0183,27,9
0.0184,27,9
0.0185,27,9
0.0186,27,9
0.0187,27,9
0.0188,27,9
0.0189,27,9
0.019,27,9
0.0191,27,9
0.0192,27,9
0.0193,27,9
0.0194,27,9
0.0195,27,9
0.0196,27,9
0.0197,27,9
0.0198,27,9
0.0199,27,9
0.02,27,9
0.0201,27,9
0.0202,27,9
0.0203,27,9
0.0204,27,9
0.0205,27,9
0.0206,27,9
0.0207,27,9
0.0208,27,9
0.0209,27,9
0.021,27,9
0.0211,27,9
0.0212,27,9
0.0213,27,9
0.0214,27,9
0.0215,27,9
0.0216,27,9
0.0217,27,9
0.0218,27,9
0.0219,27,9
0.022,27,9
0.0221,27,9
0.0222,27,9
0.0223,27,9
0.0224,27,9
0.0225,27,9
0.0226,27,9
0.0227,27,9
0.0228,27,9
0.0229,27,9
0.023,27,9
0.0231,27,9
0.0232,27,9
0.0233,27,9
0.0234,27,9
0.0235,27,9
0.0236,27,9
0.0237,27,9
0.0238,27,9
0.0239,27,9
0.024,27,9
0.0241,27,9
0.0242,27,9
0.0243,27,9
0.0244,27,9
0.0245,27,9
0.0246,27,9
0.0247,27,9
0.0248,27,9
0.0249,27,9
0.025,27,9
0.0251,27,9
0.0252,27,9
0.0253,27,9
0.0254,27,9
0.0255,27,9
0.0256,27,9
0.0257,27,9
0.0258,27,9
0.0259,27,9
0.026,27,9
0.0261,27,9
0.0262,27,9
0.0263,27,9
0.0264,27,9
0.0265,27,9
0.0266,27,9
0.0267,27,9
0.0268,27,9
0.0269,27,9
0.027,27,9
0.0271,27,9
0.0272,27,9
0.0273,27,9
0.0274,27,9
0.0275,27,9
0.0276,27,9
0.0277,27,9
0.0278,27,9
0.0279,27,9
0.028,27,9
0.0281,27,9
0.0282,27,9
0.0283,27,9
0.0284,27,9
0.0285,27,9
0.0286,27,9
0.0287,27,9
0.0288,27,9
0.0289,27,9
0.029,27,9
0.0291,27,9
0.0292,27,9
0.0293,27,9
0.0294,27,9
0.0295,27,9
0.0296,27,9
0.0297,27,9
0.0298,27,9
0.0299,27,9
0.03,27,9
0.0301,27,9
0.0302,27,9
0.0303,27,9
0.0304,27,9
0.0305,27,9
0.0306,27,9
0.0307,27,9
0.0308,27,9
0.0309,27,9
0.031,27,9
0.0311,27,9
0.0312,27,9
0.0313,27,9
0.0314,27,9
0.0315,27,9
0.0316,27,9
0.0317,27,9
0.0318,27,9
0.0319,27,9
0.032,27,9
0.0321,27,9
0.0322,27,9
0.0323,27,9
0.0324,27,9
0.0325,27,9
0.0326,27,9
0.0327,27,9
0.0328,27,9
0.0329,27,9
0.033,27,9
0.0331,27,9
0.0332,27,9
0.0333,27,9
0.0334,27,9
0.0335,27,9
0.0336,27,9
0.0337,27,9
0.0338,27,9
0.0339,27,9
0.034,27,9
0.0341,27,9
0.0342,27,9
0.0343,27,9
0.0344,27,9
0.0345,27,9
0.0346,27,9
0.0347,27,9
0.0348,27,9
0.0349,27,9
0.035,27,9
0.0351,27,9
0.0352,27,9
0.0353,27,9
0.0354,27,9
0.0355,27,8
0.0356,27,8
0.0357,27,8
0.0358,27,8
0.0359,27,8
0.036,27,8
0.0361,27,8
0.0362,27,8
0.0363,27,8
0.0364,27,8
0.0365,27,8
0.0366,27,8
0.0367,27,8
0.0368,27,8
0.0369,27,8
0.037,27,8
0.0371,27,8
0.0372,27,8
0.0373,27,8
0.0374,27,8
0.0375,27,8
0.0376,27,8
0.0377,27,8
0.0378,27,8
0.0379,27,8
0.038,27,8
0.0381,27,8
0.0382,27,8
0.0383,27,8
0.0384,27,8
0.0385,27,8
0.0386,27,8
0.0387,27,8
0.0388,27,8
0.0389,27,8
0.039,27,8
0.0391,27,8
0.0392,27,8
0.0393,27,8
0.0394,27,8
0.0395,27,8
0.0396,27,8
0.0397,27,8
0.0398,27,8
0.0399,27,8
0.04,27,8
0.0401,27,8
0.0402,27,8
0.0403,27,8
0.0404,27,8
0.0405,27,8
0.0406,27,8
0.0407,27,8
0.0408,27,8
0.0409,27,8
0.041,27,7
0.0411,27,7
0.0412,27,7
0.0413,27,7
0.0414,27,7
0.0415,27,7
0.0416,27,7
0.0417,27,7
0.0418,27,7
0.0419,26,7
0.042,26,7
0.0421,26,7
0.0422,26,7
0.0423,26,7
0.0424,26,7
0.0425,26,7
0.0426,26,7
0.0427,26,7
0.0428,26,7
0.0429,26,7
0.043,26,7
0.0431,26,7
0.0432,26,7
0.0433,26,7
0.0434,26,7
0.0435,26,7
0.0436,26,7
0.0437,26,7
0.0438,26,7
0.0439,26,7
0.044,26,7
0.0441,26,7
0.0442,26,7
0.0443,26,7
0.0444,26,7
0.0445,26,7
0.0446,26,7
0.0447,26,7
0.0448,26,7
0.0449,26,7
0.045,26,7
0.0451,26,7
0.0452,26,7
0.0453,26,7
0.0454,26,7
0.0455,26,7
0.0456,26,7
0.0457,26,7
0.0458,26,7
0.0459,26,7
0.046,26,7
0.0461,26,7
0.0462,26,7
0.0463,26,7
0.0464,26,7
0.0465,26,7
0.0466,26,7
0.0467,26,7
0.0468,26,7
0.0469,26,7
0.047,26,7
0.0471,26,7
0.0472,26,7
0.0473,26,7
0.0474,26,7
0.0475,26,7
0.0476,26,7
0.0477,25,7
0.0478,25,7
0.0479,25,7
0.048,25,7
0.0481,25,7
0.0482,25,7
0.0483,25,7
0.0484,25,7
0.0485,25,7
0.0486,25,7
0.0487,25,7
0.0488,25,7
0.0489,25,7
0.049,25,7
0.0491,25,7
0.0492,25,7
0.0493,25,7
0.0494,25,7
0.0495,25,7
0.0496,25,7
0.0497,25,7
0.0498,25,7
0.0499,25,7
0.05,25,7
0.0501,25,7
0.0502,25,7
0.0503,25,7
0.0504,25,7
0.0505,25,7
0.0506,25,7
0.0507,25,7
0.0508,25,7
0.0509,25,7
0.051,25,7
0.0511,25,7
0.0512,25,7
0.0513,25,7
0.0514,25,7
0.0515,25,7
0.0516,25,7
0.0517,25,7
0.0518,25,7
0.0519,25,7
0.052,25,7
0.0521,25,7
0.0522,25,7
0.0523,25,7
0.0524,25,7
0.0525,25,7
0.0526,25,7
0.0527,25,7
0.0528,25,7
0.0529,25,7
0.053,25,7
0.0531,25,7
0.0532,25,7
0.0533,25,7
0.0534,25,7
0.0535,25,7
0.0536,25,7
0.0537,25,7
0.0538,25,7
0.0539,25,7
0.054,25,7
0.0541,25,7
0.0542,25,7
0.0543,25,7
0.0544,25,7
0.0545,25,7
0.0546,25,7
0.0547,25,7
0.0548,25,7
0.0549,25,7
0.055,25,7
0.0551,25,7
0.0552,25,7
0.0553,25,7
0.0554,25,7
0.0555,25,7
0.0556,25,7
0.0557,25,7
0.0558,25,7
0.0559,25,7
0.056,25,7
0.0561,25,7
0.0562,25,7
0.0563,25,7
0.0564,25,7
0.0565,25,7
0.0566,25,7
0.0567,25,7
0.0568,25,7
0.0569,25,7
0.057,25,7
0.0571,25,7
0.0572,25,7
0.0573,25,7
0.0574,25,7
0.0575,25,7
0.0576,25,7
0.0577,25,7
0.0578,25,7
0.0579,25,7
0.058,25,7
0.0581,25,7
0.0582,25,7
0.0583,25,7
0.0584,25,7
0.0585,25,7
0.0586,25,7
0.0587,25,7
0.0588,25,7
0.0589,25,7
0.059,25,7
0.0591,25,7
0.0592,25,7
0.0593,25,7
0.0594,25,7
0.0595,25,7
0.0596,25,7
0.0597,25,7
0.0598,25,7
0.0599,25,7
0.06,25,7
0.0601,25,7
0.0602,25,7
0.0603,25,7
0.0604,25,7
0.0605,25,7
0.0606,25,7
0.0607,25,7
0.0608,25,7
0.0609,25,7
0.061,25,7
0.0611,25,7
0.0612,25,7
0.0613,25,7
0.0614,25,7
0.0615,25,7
0.0616,25,7
0.0617,25,7
0.0618,25,7
0.0619,25,7
0.062,25,7
0.0621,25,7
0.0622,25,7
0.0623,25,7
0.0624,25,7
0.0625,24,7
0.0626,24,7
0.0627,24,7
0.0628,24,7
0.0629,24,7
0.063,24,7
0.0631,24,7
0.0632,24,7
0.0633,24,7
0.0634,24,7
0.0635,24,7
0.0636,24,7
0.0637,24,7
0.0638,24,7
0.0639,24,7
0.064,24,7
0.0641,24,7
0.0642,24,7
0.0643,24,7
0.0644,24,7
0.0645,24,7
0.0646,24,7
0.0647,24,7
0.0648,24,7
0.0649,24,7
0.065,24,7
0.0651,24,7
0.0652,24,7
0.0653,24,7
0.0654,24,7
0.0655,24,7
0.0656,24,7
0.0657,24,7
0.0658,24,7
0.0659,24,7
0.066,24,7
0.0661,24,7
0.0662,24,7
0.0663,24,7
0.0664,24,7
0.0665,24,7
0.0666,24,7
0.0667,24,7
0.0668,24,7
0.0669,24,7
0.067,24,7
0.0671,24,7
0.0672,24,7
0.0673,24,7
0.0674,24,7
0.0675,24,7
0.0676,24,7
0.0677,24,7
0.0678,24,7
0.0679,24,7
0.068,24,7
0.0681,24,7
0.0682,24,7
0.0683,24,7
0.0684,24,7
0.0685,24,7
0.0686,24,7
0.0687,24,7
0.0688,24,7
0.0689,24,7
0.069,24,7
0.0691,24,7
0.0692,24,7
0.0693,24,7
0.0694,24,7
0.0695,24,7
0.0696,24,7
0.0697,24,7
0.0698,24,7
0.0699,24,7
0.07,24,7
0.0701,24,7
0.0702,24,7
0.0703,24,7
0.0704,24,7
0.0705,24,7
0.0706,24,7
0.0707,24,7
0.0708,24,7
0.0709,24,7
0.071,24,7
0.0711,24,7
0.0712,24,7
0.0713,24,7
0.0714,24,7
0.0715,24,7
0.0716,24,7
0.0717,24,7
0.0718,24,7
0.0719,24,7
0.072,24,7
0.0721,24,7
0.0722,24,7
0.0723,24,7
0.0724,24,7
0.0725,24,7
0.0726,24,7
0.0727,24,7
0.0728,24,7
0.0729,24,7
0.073,24,7
0.0731,24,7
0.0732,24,7
0.0733,24,7
0.0734,24,7
0.0735,24,7
0.0736,24,7
0.0737,24,7
0.0738,24,7
0.0739,24,7
0.074,24,7
0.0741,24,7
0.0742,24,7
0.0743,24,7
0.0744,24,7
0.0745,24,7
0.0746,24,7
0.0747,24,7
0.0748,24,7
0.0749,24,7
0.075,24,7
0.0751,24,7
0.0752,23,7
0.0753,23,7
0.0754,23,7
0.0755,23,7
0.0756,23,7
0.0757,23,7
0.0758,23,7
0.0759,23,7
0.076,23,7
0.0761,23,7
0.0762,23,7
0.0763,23,7
0.0764,23,7
0.0765,23,7
0.0766,23,7
0.0767,23,7
0.0768,23,7
0.0769,23,7
0.077,23,7
0.0771,23,7
0.0772,23,7
0.0773,23,7
0.0774,23,7
0.0775,23,7
0.0776,23,7
0.0777,23,7
0.0778,23,7
0.0779,23,7
0.078,23,7
0.0781,23,7
0.0782,23,7
0.0783,23,7
0.0784,23,7
0.0785,23,7
0.0786,23,7
0.0787,23,7
0.0788,23,7
0.0789,23,7
0.079,23,7
0.0791,23,7
0.0792,23,7
0.0793,23,7
0.0794,23,7
0.0795,23,7
0.0796,23,7
0.0797,23,7
0.0798,23,7
0.0799,23,7
0.08,23,7
0.0801,23,7
0.0802,23,7
0.0803,23,7
0.0804,23,7
0.0805,23,7
0.0806,23,7
0.0807,23,7
0.0808,23,7
0.0809,23,7
0.081,23,7
0.0811,23,7
0.0812,23,7
0.0813,23,7
0.0814,23,7
0.0815,23,7
0.0816,23,7
0.0817,23,7
0.0818,23,7
0.0819,23,7
0.082,23,7
0.0821,23,7
0.0822,23,7
0.0823,23,7
0.0824,23,7
0.0825,23,7
0.0826,23,7
0.0827,23,7
0.0828,23,7
0.0829,23,7
0.083,23,7
0.0831,23,7
0.0832,23,7
0.0833,23,7
0.0834,23,7
0.0835,23,7
0.0836,23,7
0.0837,23,7
0.0838,23,7
0.0839,23,7
0.084,23,7
0.0841,23,7
0.0842,23,7
0.0843,23,7
0.0844,23,7
0.0845,23,7
0.0846,23,7
0.0847,23,7
0.0848,23,7
0.0849,23,7
0.085,23,7
0.0851,23,7
0.0852,23,7
0.0853,23,7
0.0854,23,7
0.0855,23,7
0.0856,23,7
0.0857,23,7
0.0858,23,7
0.0859,23,7
0.086,23,7
0.0861,23,7
0.0862,23,7
0.0863,23,7
0.0864,23,7
0.0865,23,7
0.0866,23,7
0.0867,23,7
0.0868,22,7
0.0869,21,7
0.087,21,7
0.0871,21,7
0.0872,21,7
0.0873,21,7
0.0874,21,7
0.0875,21,7
0.0876,21,7
0.0877,21,7
0.0878,21,7
0.0879,21,7
0.088,21,7
0.0881,21,7
0.0882,21,7
0.0883,21,7
0.0884,21,7
0.0885,21,7
0.0886,21,7
0.0887,21,7
0.0888,21,7
0.0889,21,7
0.089,21,7
0.0891,21,7
0.0892,21,7
0.0893,21,7
0.0894,21,7
0.0895,21,7
0.0896,21,7
0.0897,21,7
0.0898,21,7
0.0899,21,7
0.09,21,7
0.0901,21,7
0.0902,21,7
0.0903,21,7
0.0904,21,7
0.0905,21,7
0.0906,21,7
0.0907,21,7
0.0908,21,7
0.0909,21,7
0.091,21,7
0.0911,21,7
0.0912,21,7
0.0913,21,7
0.0914,21,7
0.0915,21,7
0.0916,21,7
0.0917,21,7
0.0918,21,7
0.0919,21,7
0.092,21,7
0.0921,21,7
0.0922,21,7
0.0923,21,7
0.0924,21,7
0.0925,21,7
0.0926,21,7
0.0927,21,7
0.0928,21,7
0.0929,21,7
0.093,21,7
0.0931,21,7
0.0932,21,7
0.0933,21,7
0.0934,21,7
0.0935,21,7
0.0936,21,7
0.0937,21,7
0.0938,21,7
0.0939,21,7
0.094,21,7
0.0941,21,7
0.0942,21,7
0.0943,21,7
0.0944,21,7
0.0945,21,7
0.0946,21,7
0.0947,21,7
0.0948,21,7
0.0949,21,7
0.095,21,7
0.0951,21,7
0.0952,21,7
0.0953,21,7
0.0954,21,7
0.0955,21,7
0.0956,21,7
0.0957,21,7
0.0958,21,7
0.0959,21,7
0.096,21,7
0.0961,21,7
0.0962,21,7
0.0963,21,7
0.0964,21,7
0.0965,21,7
0.0966,21,7
0.0967,21,7
0.0968,21,7
0.0969,21,7
0.097,21,7
0.0971,21,7
0.0972,21,7
0.0973,21,7
0.0974,21,7
0.0975,21,7
0.0976,21,7
0.0977,21,7
0.0978,21,7
0.0979,21,7
0.098,21,7
0.0981,21,7
0.0982,21,7
0.0983,21,7
0.0984,21,7
0.0985,21,7
0.0986,21,7
0.0987,21,7
0.0988,21,7
0.0989,21,7
0.099,21,7
0.0991,21,7
0.0992,21,7
0.0993,21,7
0.0994,21,7
0.0995,21,7
0.0996,21,6
0.0997,21,6
0.0998,21,6
0.0999,21,6
0.1,21,6
0,-Inf,547
